<?xml version="1.0" encoding="UTF-8"?>
<ar:ApplicationResponse xmlns:ar="urn:oasis:names:specification:ubl:schema:xsd:ApplicationResponse-2"
                       xmlns:cac="urn:oasis:names:specification:ubl:schema:xsd:CommonAggregateComponents-2"
                       xmlns:cbc="urn:oasis:names:specification:ubl:schema:xsd:CommonBasicComponents-2"
                       xmlns:xsi="http://www.w3.org/2001/XMLSchema-instance"
                       xsi:schemaLocation="urn:oasis:names:specification:ubl:schema:xsd:ApplicationResponse-2 UBL-ApplicationResponse-2.1.xsd">
    <cbc:UBLVersionID>2.0</cbc:UBLVersionID>
    <cbc:CustomizationID>1.0</cbc:CustomizationID>
    <cbc:ProfileID>urn:pe:gob:sunat:cpe:see:gem:catalogos:catalogo06</cbc:ProfileID>
    <cbc:ID>DEMO-CDR-20250719001239</cbc:ID>
    <cbc:UUID>e4e7f344-e1a6-4eec-8dde-eb7b021da8dd</cbc:UUID>
    <cbc:IssueDate>2025-07-19</cbc:IssueDate>
    <cbc:IssueTime>00:12:39</cbc:IssueTime>
    <cbc:ResponseDate>2025-07-19</cbc:ResponseDate>
    <cbc:ResponseTime>00:12:39</cbc:ResponseTime>
    
    <cac:SenderParty>
        <cac:PartyIdentification>
            <cbc:ID schemeID="6">20100070970</cbc:ID>
        </cac:PartyIdentification>
        <cac:PartyName>
            <cbc:Name><![CDATA[SUNAT]]></cbc:Name>
        </cac:PartyName>
        <cac:PartyLegalEntity>
            <cbc:RegistrationName><![CDATA[SUPERINTENDENCIA NACIONAL DE ADUANAS Y DE ADMINISTRACION TRIBUTARIA - SUNAT]]></cbc:RegistrationName>
        </cac:PartyLegalEntity>
    </cac:SenderParty>
    
    <cac:ReceiverParty>
        <cac:PartyIdentification>
            <cbc:ID schemeID="6">20000000001</cbc:ID>
        </cac:PartyIdentification>
        <cac:PartyLegalEntity>
            <cbc:RegistrationName><![CDATA[EMPRESA DE PRUEBAS SAC]]></cbc:RegistrationName>
        </cac:PartyLegalEntity>
    </cac:ReceiverParty>
    
    <cac:DocumentResponse>
        <cac:Response>
            <cbc:ReferenceID>20000000001-03-B001-00000004</cbc:ReferenceID>
            <cbc:ResponseCode listAgencyName="PE:SUNAT" listName="Tipo de Respuesta" listURI="urn:pe:gob:sunat:cpe:see:gem:catalogos:catalogo09">0</cbc:ResponseCode>
            <cbc:Description><![CDATA[La BOLETA DE VENTA numero 20000000001-03-B001-00000004, ha sido aceptada]]></cbc:Description>
        </cac:Response>
        
        <cac:DocumentReference>
            <cbc:ID>20000000001-03-B001-00000004</cbc:ID>
            <cbc:DocumentTypeCode listAgencyName="PE:SUNAT" listName="Tipo de Documento" listURI="urn:pe:gob:sunat:cpe:see:gem:catalogos:catalogo01">03</cbc:DocumentTypeCode>
            <cbc:DocumentType><![CDATA[BOLETA DE VENTA]]></cbc:DocumentType>
        </cac:DocumentReference>
    </cac:DocumentResponse>
    
    <!-- Información adicional del procesamiento -->
    <cac:AdditionalDocumentResponse>
        <cbc:ID>01</cbc:ID>
        <cbc:ResponseCode listAgencyName="PE:SUNAT">0</cbc:ResponseCode>
        <cbc:Description><![CDATA[DOCUMENTO PROCESADO CORRECTAMENTE]]></cbc:Description>
    </cac:AdditionalDocumentResponse>
    
    <!-- Metadata del procesamiento -->
    <cac:ProcessingInformation>
        <cbc:ProcessingDate>2025-07-19</cbc:ProcessingDate>
        <cbc:ProcessingTime>00:12:39</cbc:ProcessingTime>
        <cbc:ProcessingID>DEMO-PROC-20250719001239</cbc:ProcessingID>
        <cbc:Description><![CDATA[Procesado en modo demostración]]></cbc:Description>
    </cac:ProcessingInformation>
</ar:ApplicationResponse>